Name	Short_Name	City	State	Website	Email	Phone_Number	Deadline	Letters_Of_Evaluation	Supplemental_App	Shadowing	Shadow_Hours_Minimum	Application_Fee	Community_College_Credits_Accepted	Resident_Tuition	Non-Resident_Tuition	Additional_Fees	AA	DAT	PAT	TS	Min_GPA	Min_GPA(Science)	Avg_GPA	Avg_GPA(Science)	Accepted_Percentage	Class_Size	Total_Enrollment	Gradying_System	Student_Ranking	Dual_Admission	Other_Degrees_Offered	Housing_Offered	Students per chair	State_Resident_Required	Non-resident spots	Prerequisite_Courses_Per_Semester_Hours
The University of Alabama at Birmingham School of Dentistry	Alabama	Birmingham	Alabama	https://www.uab.edu/dentistry/home/	dentaladmissions@uab.edu	(205)934-3387	October	1 - Pre-Health Committee or Pre-Health Advisor Letter; 1 - Reference letter from a dentist you have shadowed (preferred)	Yes	Yes	NULL	$75	Yes	$29,782	$69,420	Varies	21.56	20.96	20.3	21.08	3	NULL	3.77	3.72	7%	84	325	Pass / Fail & Grades	Yes	No	MBA, Ph.D, AEGD, Endo, GPR, OMFP, OMFS, Ortho, Pedo, Perio, Prosth	No	NULL	No	NULL	Biology 12; Chemistry 8; English 6–12; Math 6; Organic Chemistry 8; Other 30 - Non-Science; Physics 8
Arizona School of Dentistry & Oral Health	Midwestern-Arizona	Glendale	Arizona	https://www.midwestern.edu/	Glendel Campus email : admissaz@midwestern.edu	(623)572-3800	November	1 - Pre-Health Committee or Science Faculty Letters and 1- Dental Letter (Community Service Supervisor Letters are recommended)	Yes	Yes	100	$70	Yes	$90,514	$90,514	$12,788	19.56	19.5	19.74	19.21	2.75	2.75	3.48	3.37	NULL	78	308	Pass / Fail	No	No	MPH, Ortho	No	1	No	78	Anatomy 3; Biochemistry 3; Biology 8; Chemistry 8; English 3; Organic Chemistry 8; Physics 8; Physiology 3
Midwestern University College of Dental Medicine-Arizona	Arizona	Mesa	Arizona	https://www.atsu.edu/arizona-school-of-dentistry-and-oral-health	admissions@atsu.edu	(866)-626-2878 ext.2237	January	1 - Science Faculty Letter and 1 - Dentist Letter or 1 - Predental Advisory Committee Letter	Yes	Yes	120	$50	Yes	$83,824	$83,824	$14,605	20	21	20	20	3	3	3.51	3.4	13%	147	582	Letter Grades	Yes	No	MPH	Yes	2	No	118	Anatomy 3; Biochemistry 3; Biology  8 w/labs; Chemistry  8 w/labs; English 6; Microbiology 3; Organic Chemistry  4 w/labs; Physics 8; Physiology 3; Other - Bachelor’s Degree
California Northstate University College of Dental Medicine	California Northstate	Elk Grove	California	dentalmedicine.cnsu.edu	cdm.admissions@cnsu.edu	(916)686-7300	March	3 Letters	Yes	Encouraged, not required	NULL	$100	Yes	Refer to program website	Refer to program website	$17,000 - $20,000	NULL	19	NULL	NULL	3.2	3.2	NULL	NULL	NULL	40	NULL	Pass / Fail	No	NULL	NULL	NULL	2 for D1, D2 and then 1 for D3, D4	No	NULL	Biochemistry 1 semester, 1 quarter, or 3 units; Biology 2 semesters, or 3 quarters, or 1 year w/labs; Chemistry 2 semesters, or 3 quarters, or 1 year w/labs; Organic Chemistry 2 semesters, or 3 quarters, or 1 year w/labs; Physics 2 semesters, 3 quarters, or 1 year
Loma Linda University School of Dentistry	Loma Linda	Loma Linda	California	dentistry.llu.edu	admissions.sd@llu.edu	(909)558-4790	November	1 - Pre-Professional Committee or Science Faculty Letter, 1 - Spiritual Leader Letter and 1 - Employer or Professional Acquaintance Letter.	Yes	Yes	50	$150	Yes	$74,950	$74,950	$9,371	20.52	20.47	21.44	20.2	2.5	2.5	3.57	3.49	13%	100	540	Letter Grades	Yes	No	Other (DDS/MA in Bioethics), Endo, Implant, OMFS, Oral Surgery,    Ortho, Pedo, Perio, Prosth	Yes	1	No	NULL	Biochemistry 4; Biology 8; Chemistry 8; English 8; Organic Chemistry 8; Physics 8
University of California, Los Angeles School of Dentistry	Los Angeles	Los Angeles	California	dentistry.ucla.edu	admissions@dentistry.ucla.edu	(310)794-7971	January	3 Letters minimum from any objective source, such as a science instructor, dentist, supervisor at work, research mentor, etc.	No	Encouraged, not required	NULL	$60	Yes	$47,360	$59,605	NULL	22	22	22	22	NULL	NULL	3.83	3.81	NULL	88	403	Pass / Fail	No	No	Ph.D, AEGD, Endo, GPR, OMFP, OMFR, OMFS, Orofacial Pain, Ortho, Pedo, Perio, Prosth	Yes	NULL	No	15	Biochemistry 3; Biology 8; Chemistry 8; English 6; Organic Chemistry 6; Other - Psychology 3; Physics 8
University of the Pacific Arthur A. Dugoni School of Dentistry	Pacific	San Francisco	California	dental.pacific.edu	sconstantino@pacific.edu	(415)929-6491	February	1 - Pre-Health Committee Letter or 2 - Biomedical Science Faculty and 1 - Professional	No	Yes	40	$75	Yes	$124,185	$124,185	Varies	22	NULL	22	22	NULL	NULL	NULL	NULL	6%	148	432	Letter Grades	Yes	Yes	Endo, Ortho	No	NULL	No	NULL	Biology 16; Chemistry 8; English 8; Organic Chemistry 8; Physics 8
University of California, San Francisco School of Dentistry	San Francisco	San Francisco	California	dentistry.ucsf.edu	admissions.ucsfdental@ucsf.edu	(415)476-2737	October	1 - Science Faculty Letter, 1 - Shadow Dentist, Advisor or Mentor Letter and 1 - Other Letter or 1 - Composite letter    sent from a pre-professional health advisory committee in lieu of the three required letters	No	Encouraged, not required	NULL	$75	Yes	$57,587	$69,832	Yes	22	22	21	22	NULL	NULL	3.7	3.76	5%	60	335	Pass / Fail	No	No	MBA, Ph.D., AEGD, Endo, GPR, OMFS, Oral Medicine, Ortho, Pedo, Perio, Prosth, Public Health	Yes	1.8	No	NULL	Biochemistry 3; Biology 8; Chemistry 8; English 6; Organic Chemistry 4; Physics 8; Other - Psychology  3
Herman Ostrow School of Dentistry of USC	Southern California	Los Angeles	California	https://dentistry.usc.edu/	uscsdadm@usc.edu	(213)740-2851	February	1 - Letter from a DDS and 1 - Pre-Health Committee Letter or 2 - Faculty Letters	No	No	NULL	$85/$145	Yes	$108,324	$108,324	$20,896	21	NULL	20	20	2.89	2.89	3.73	3.67	13%	144	644	Letter Grades	No	No	Endo, Geriatric, GPR, OMFS, Operative Dentistry, Orofacial Pain, Ortho, Pedo, Perio, Prosth	Yes	1	No	NULL	Biology 1 year; Chemistry 1 year; English 1 year; Organic Chemistry 1 year; Physics 1 year
Western University of Health Sciences College of Dental Medicine	Western	Pomona	California	westernu.edu	scampos@westernu.edu	(909) 469-5335	December 	1-prehealth committee letter, or 2 - Science Faculty Letters and 1 - Dentist Letter	Yes	Yes	100	$60	Yes	$71,185	$71,185	$6,111	19	19	20	19	NULL	NULL	3.32	3.04	4%	69	280	Letter Grades	Yes	No	No	Yes	2	No	NULL	Biology 8w/lab: Chemistry 8w?lab; English 6; Organic chemistry 8w/lab; Physics 8w/labs
University of Colorado School of Dental Medicine	Colorado	Aurora	Colorado	ucdenver.edu/dentalmedicine	DDSadmissioninquiries@ucdenver.edu 	(303)724-7120	October	1 - Pre-Health Committeeor Shadowed Dentist / Employer Letter;2 - Science Faculty Letters	Upon Request	Yes	50	$90	Yes	$41,344	$86,339	$19,904	20	20	19.9	20	NULL	NULL	3.67	3.48	6%	80	400	Letter Grades	Yes	Yes	GPR,OMFS,Ortho,Pedo,Perio	No	1	No	30-40	Biochemistry 3; Biology 8w/labs; Chemistry 8w/labs;English 3;Microbiology 3; Organic chemistry 8W/labs; Physics 8w/labs
University of Connecticut School of Dental Medicine	Connecticut	Farmington	Connecticut	dentalmedicine.uconn.edu	Anna Dongari-Bagtzoglou, DDS, MS, Ph.D., F(AAM),Associate Dean, email ; adongari@uchc.edu	(860)679-2175	December 	1 - Pre-Health CommitteeLetter or 2 - Science Faculty Letters and1 - Other Letter	No	Yes	50	$75	yes	$41,291	$83,352	$2,986	22	NULL	NULL	22	3	3	3.7	3.7	NULL	52	203	pass/fail	No	Yes	AEGD, Endo, OMFR, OMFS,Ortho, Pedo, Perio, Prosth	No	1	No	NULL	Biochemistry 3; Biology 8; Chemistry 8; Organic Chemistry 8; Physics 8
Howard University College of Dentistry	Howard	Washington	Washington, DC	healthsciences.howard.edu/education/colleges/dentistry	HUCDAdmit@howard.edu	202-806-0019	February	2 - Science Faculty Letters and1 - Dentist Letter or 1 - Pre-Health Committee Letter	No	Yes	30	$75	yes	$46,000	$46,000	Varies	19	NULL	18	19	2.85	2.85	3.3	3.14	NULL	75-80	272	Letter Grades	Yes	Yes	AEGD, GPR, OMFS, Ortho, Pedo	Yes	1	No	75-80	Anatomy 4–6 w/lab; Biochemistry 3; Biology 8; Chemistry 8; English 6; Organic Chemistry 8 ;Physics 8; Physiology 3;
LECOM School of Dental Medicine	LECOM	Bradenton	Florida	lecom.edu	dentalfla@lecom.edu , or contact us page : https://lecom.edu/contact/	(941)405-1600	February	2 - Science Faculty Letters	Yes	Yes	100	$50	yes	$58,505	$58,505	$20,217($13,703 Dental Kit fee)	21	21	20	20	2.7	2.7	3.7	3.6	3%	100	415	Letter Grades	Yes	No	MHSA, MPH, MSBE	No	1	No	NULL	Biochemistry 3/5 ;Biology 8/12; w/labs; Chemistry 8/12 w/labs; English - Writing Intensive 6/9; Organic Chemistry 8/12 w/labs
Nova Southeastern University College of Dental Medicine	Nova Southeastern	Fort Lauderdale	Florida	dental.nova.edu	kalysia@nova.edu	954-262-7302	November	2 - Faculty Letters and1 - Other Letter (Total of 3, can submit 4)2 - Science Instructors, 1 Liberal Arts Instructorand 1 - Dentist recommended	yes	Encouraged, not required	Not required	$50	yes	$77,463	$77,463	$17,000	21	21	21	19	3	3	3.7	3.6	6%	D1 class - 130; D2 class - 167; D3 class - 154; D4 class - 129	579	letter Grades	Yes	Yes	AEGD, Endo, OMFS, Ortho,Pedo, Perio, Prosth	Yes	2	No	NULL	Biochemistry 3; Biology 8 w/labs; Chemistry 8 w/labs; English 6; Microbiology 3; Organic Chemistry 8 w/labs; Physics 8 w/labs
University of Florida College of Dentistry	Florida	Gainesville	Florida	admissions.dental.ufl.edu	DMDAdmissions@dental.ufl.edu	352-273-5955	November	1 - Pre-Health Committee Letteror 3 - Letters	Upon request	Encouraged, not required	Not required	$30	yes	$37,566	$64,046	$4,154	22	NULL	21	22	NULL	NULL	3.82	3.77	NULL	93	370	letter Grades	Yes	No	AEGD, Endo, OMFP, OMFR,OMFS, Operative Dentistry, Oral Surgery, Ortho, Pedo,Perio, Prosth	Yes	NULL	No	10	Biochemistry 3 (upper level); Biology 8; Chemistry 8; English 6; Microbiology 3 (upper level); Organic Chemistry 8; Physics 8
Dental College of Georgia at Augusta University	Georgia	Augusta	Georgia	augusta.edu/dentalmedicine	admissions@augusta.edu	706-721-3587	September	4 Letters total: 1 - Dentist Letter,1 - Science Faculty Letter, and two additional letters	Yes	Yes	300	$30	yes	$26,344	$64,788	$15,730	21	NULL	21	21	2.8	2.8	3.74	3.68	10%	96	383	pass/Fail	Yes	Yes	AEGD, Endo, GPR, OMFS,Oral Biology, Ortho, Pedo, Perio, Prosth	Yes	1	No	9	Biochemistry 3; Biology 8; Chemistry 8; English 6; Organic Chemistry 4; Physics 4
University of Iowa College of Dentistry	Iowa	Iowa City	Iowa	https://dentistry.uiowa.edu/education/dds-program	dental-student-admissions@uiowa.edu or contact us website : https://uiowa.qualtrics.com/jfe/form/SV_2ax9IJbbtmJ6iSq	319-335-7163	September	3 - Letters from a non-relative	No	No	Not required	$60	yes	$51,010	$76,148	N/A	21	NULL	21	21	2.5	2.5	3.71	3.55	10%	80	328	letter Grades	Yes	No	Endo, Geriatric, GPR, OMFP, OMFR,OMFS, Operative Dentistry, Oral Surgery, Ortho, Pedo,Perio, Prosth, Public Health	No	1	No	23-25	Biochemistry 3; Biology 8 w/labs; Chemistry 8 w/labs; Organic Chemistry 8 w/labs; Physics 8 w/labs
Midwestern University College of Dental Medicine-Illinois	Midwestern-Illinois	Downers Grove	Illinois	midwestern.edu	admissil@midwestern.edu	630-515-7200	January	1 - Pre-Health Committee orScience Faculty Letter and 1 - Dentist Letter	Yes	Encouraged, not required	Not required	$50	yes	$90,858	$90,858	$18,914	19	NULL	19	18.7	3	3	3.41	3.25	14%	140	557	pass/Fail	Yes	No	MPH, MS in Precision Medicine	Yes	1	No	NULL	Anatomy 3; Biochemistry 3; Biology 8 w/labs; Chemistry 8 w/labs; English 6; Microbiology 3; Organic Chemistry 4 w/labs; Physics 8; Physiology 3
Southern Illinois University School of Dental Medicine	Southern Illinois	Alton	Illinois	https://www.siue.edu/dental/	angprit@siue.edu	618-474-7170	November	1 - Pre-Health Committee Letteror 2 - Science Faculty Letters	Yes	Encouraged, not required	Not required	$20	yes	$38,131	$18,982	N/A	21	NULL	20	20.5	3	3	3.68	3.56	20%	50	211	letter Grades	Yes	Yes	AEGD, Endo, Ortho, Implant	No	1	Yes	NULL	Biochemistry 3; Biology 8 w/labs; Chemistry 8 w/labs; English 6; Organic Chemistry 8 w/labs; Physics 6
Dental College of Georgia at Augusta University	Illinois	Chicago	Illinois	dentistry.uic.edu	codadmissions@uic.edu	(312) 996-7555	December 	2 - Science Faculty Lettersand 1 - Dentist (Non-Relative) Letter or1 - Pre-Health Committee Letter	Yes	Yes	100	$85	Yes	$54,498	$84,140	$20,000	20.4	NULL	20.2	20.2	NULL	NULL	3.68	3.58	NULL	70	436	letter Grades	Yes	Yes	Endo, Oral Surgery, Ortho,Pedo, Perio, Prosth	Yes	1	No	2	Biochemistry 3; Biology 6; Chemistry 10; English 6; Organic Chemistry 4; Physics 6
Indiana University School of Dentistry	Indiana	Indianapolis	Indiana	dentistry.iu.edu	dswww@iu.edu	317-274-8173	October	2 - Science Faculty Lettersand 1 - Shadowing Dentist Letter	Yes	Encouraged, not required	100	$80	Yes	$62,575	$115,308	Yes	20.7	20	20	20.2	3	3	3.54	3.46	8%	106	450	letter Grades	Yes	No	Cariology and Operative Dentistry,Dental Materials, Endo, OMFS, Ortho, Pedo, Perio, Prosth	NULL	1	No	40%	Anatomy 3–4; Biochemistry Or equivalent course;  Biology 20; Chemistry 12; Microbiology Or equivalent course; Organic Chemistry 3–4; Other 3 - Social Science 3 - Humanities; Physics 8;  Physiology 3–4
University of Kentucky College of Dentistry	Kentucky	Lexington	Kentucky	dentistry.uky.edu	contact fourm : https://dentistry.uky.edu/contact-us	859-323-6071	December 	1 - Pre-Health CommitteeLetter including Dentist Letter or 2 - Science FacultyLetters and 1 - Dentist Letter	Yes	Yes	50	$75	Yes	$36,704	$79,134	10,000 D1	20.15	20.15	19.97	19.65	NULL	NULL	3.64	3.55	NULL	65	260	letter Grades	Yes	No	Endo, GPR, OMFS, Orofacial Pain,Ortho, Pedo, Perio	Yes	1	No	25	Biochemistry 3;Biology 8 w/labs;Chemistry 8 w/labs;English 1;Microbiology 3;Organic Chemistry 8 w/labs;Physics 4 w/labs
University of Louisville School of Dentistry	Louisville	Louisville	Kentucky	louisville.edu/dentistry	dmdadms@louisville.edu	502-852-5081	December 	3 - Letters or 1 - Pre-HealthCommittee Letter	No	Yes	40	$65	Yes	$37,116	$77,264	$7,500	20	20	20	20	NULL	NULL	3.6	3.46	7%	120	480	letter Grades	Yes	No	Endo, GPR, MSD, OMFS,Ortho, Pedo, Perio, Prosth	Yes	1	No	84-94	Biochemistry 3; Biology 16; Chemistry 8; Organic Chemistry 8; Physics 3
LSU Health New OrleansSchool of Dentistry	Louisiana	New Orleans	Louisiana	https://www.lsusd.lsuhsc.edu/	ds-admissions@lsuhsc.edu	504-941-8124	September	1 - Pre-Health Committee Letteror 2 - Science Faculty Letters	Upon Request	Yes	50	$200	Yes	$28,418	$62,371	$11,112	21	NULL	20	21	NULL	NULL	3.69	3.69	7%	75	275	letter Grades	Yes	No	Endo, GPR, Implant, OMFS,Ortho, Pedo, Perio, Prosth	No	1	No	15	Biochemistry 3; Biology 12 w/labs; Chemistry 8 w/labs; English 9; Microbiology 3; Organic Chemistry 8 w/labs; Physics 8 w/labs
University of New England College of Dental Medicine	New England	Portland	Maine	https://www.une.edu/dentalmedicine/dmd-program	gradadmissions@une.edu	207-221-4225	November	1 - Pre-Health Committee Letteror 1 - Science Faculty Letter, and 1 - Dentist Letteror 2 - Science Faculty Letters	Yes	Yes	30	$55	Yes	$70,330	$70,330	$12,520	19.23	NULL	20.3	18.89	NULL	NULL	3.58	3.49	NULL	70	262	Pass/Fail	No	No	None	No	NULL	No	NULL	Anatomy 4 w/lab; Biochemistry 3; Biology 4 w/lab; Chemistry 4 w/lab; English 3; Microbiology 4 w/lab; Organic Chemistry 4 w/lab; Other 12 - Biology/Chemistry/Physics/Calculus
University of Maryland School of Dentistry	Maryland	Baltimore	Maryland	dental.umaryland.edu	ddsadmissions@umaryland.edu	410-706-7472	December 	1 - Pre-Health Committee Letteror 1 - Science Faculty Letter and1 - Shadowed Dentist Letter	Yes	Yes	100	$90	Yes	$24,330	$45,268	$15,206	NULL	20	NULL	NULL	3.6	3	NULL	NULL	4-6%	130	519	letter Grades	Yes	No	AEGD, Endo, GPR, Implant, OMFS,Oral Medicine, Oral Surgery, Ortho, Pedo, Perio, Perio-Pros, Prosth	Yes	NULL	No	50%	Biochemistry 3; Biology 8; Chemistry 8; English 6; Organic Chemistry 8; Physics 8
Boston University Henry M. Goldman School of Dental Medicine	Boston	Boston	Massachusetts	bu.edu/dental	applyDMD@bu.edu	617-358-6827	December 	1 - Pre-Health Committee Letteror 2 - Science Faculty Letters and 1 - Dentist Letter	Upon Request	Encouraged, not required	40-50	$75	Yes	$91,500	$91,500	$2,961 fees,$6,304 instruments	21	20	21	20	NULL	NULL	3.52	3.41	12%	117	642	letter Grades	Yes	No	Dental Materials, Digital Dentistry, Endo,Geriatric, Implant, MSD, OMFS, Operative Dentistry, Oral Biology,Oral Surgery, Ortho, Pedo, Perio, Prosth, Public Health,Other (MD & OMFS CAGS; Orofacial and Skeletal Biology)	No	4	No	NULL	Check Website
Harvard School of Dental Medicine	Harvard	Boston	Massachusetts	hms.harvard.edu	hsdm_admissions@hms.harvard.edu	617-432-1443	December 	1 - Pre-Health Committee Letteror 3 - Faculty Letters and 1 - Other Optional Letter	Yes	Encouraged, not required	Encouraged, not required	$80	Yes	$67,610	$66,824	$2,182	24.74	24.74	23.14	24.34	NULL	NULL	3.94	3.92	NULL	35	141	Pass/Fail	No	No	Dental Education, Endo, Geriatric,GPR, Implant, OMFS, Oral Medicine, Orofacial Pain, Ortho,Pedo, Perio, Prosth, Public Health, Other (AEGD - Rural Track,Research Academy at HSDM and the Forsythe Institute;Oral and Maxillofacial Pathology)	Yes	1	No	NULL	Biochemistry 3; Biology 8 w/labs; Chemistry 8 w/labs; English 6; Organic Chemistry 8 w/labs; Other 6 - Calculus I and II, or, Calculus and Statistics (preferably biostatistics); Physics 8 w/labs
Tufts University School of Dental Medicine	Tufts	Boston	Massachusetts	dental.tufts.edu	denadmissions@tufts.edu	617-636-6639	February	1 - Pre-Health Committee Letteror 2 - Science Faculty Letters and 1 - Dentist orMentor or Community Service Letter	Yes	Yes	75	$90	No	$91,056	$87,384	$13,545	19	NULL	20	19	NULL	NULL	3.31	3.24	10-12%	203	856	letter Grades	Yes	No	AEGD, Endo, GPR, Implant, OMFP,OMFR, OMFS, Operative Dentistry, Oral Medicine,Oral Surgery, Orofacial Pain, Ortho, Pedo, Perio, Prosth,Public Health, Sleep Medicine	No	NULL	No	NULL	Biochemistry 3; Biology 12; Chemistry 8; English 4; Organic Chemistry 4; Physics 8 (can be CC)
University of Detroit Mercy School of Dentistry	Detroit Mercy	Detroit	Michigan	dental.udmercy.edu	dental@udmercy.edu	313-494-6611	December 	1 - Pre-Health Committee Letterand 1 - Dentist Letteror 2 - Science Faculty Letters and 1 - Dentist Letter	Yes	Yes	60	$125	Yes	$79,970	$78,400	Yes	20	NULL	20	20	3	NULL	3.54	3.62	23%	144	576	letter Grades	Yes	Yes	AEGD, Endo, Ortho, Perio	No	2	No	NULL	Biochemistry 4; Biology 8; Chemistry 8; English 6; Microbiology 3; Organic Chemistry 8; Physics 8
University of Michigan School of Dentistry	Michigan	Ann Arbor	Michigan	dent.umich.edu	ddsadmissions@umich.edu	734-763-3316	October	2 - Science Faculty Lettersand 1 - Non-Science Faculty Letter	No	Yes	100	$75	Yes	$46,721	$63,226	$10,546	22	NULL	22	NULL	NULL	NULL	3.8	3.7	NULL	109	460	Pass/Fail	Yes	No	Endo, GPR, OMFS, Operative Dentistry,Orofacial Pain, Ortho, Pedo, Perio, Prosth	Yes	NULL	No	NULL	Biochemistry 3; Biology 8 w/labs; Chemistry 8 w/labs; English 6; Microbiology 3; Organic Chemistry 8 w/labs; Physics 8 w/labs; Other : 3 - Psychology, or, 3 - Sociology
University of Minnesota School of Dentistry	Minnesota	Minneapolis	Minnesota	dentistry.umn.edu	ddsapply@umn.edu	612-625-7477	Februray	2 - Science or Math FacultyLetters and 1 - Supervisor Letter	No	Yes	40	$85	Yes	$44,470	$82,382	$6,590	20.71	NULL	20.9	20.19	NULL	NULL	3.62	3.54	NULL	105	463	Pass/Faill	Yes	No	Endo, GPR, MSD, OMFS,Oral Biology, Orofacial Pain, Ortho, Pedo, Perio,Prosth, Public Health	No	1	No	37	Biochemistry 3;Biology 8 w/labs;Chemistry 8 w/labs;English 6;Math 3;Organic Chemistry 8 w/labs;Physics 8 w/labs
University of Mississippi School of Dentistry	Mississippi	Jackson	Mississippi	https://www.umc.edu/sod/SOD_Home.html	SOD-DeansOffice@umc.edu	601-984-6000	October	2 - Science Faculty Letters,1 - Shadowed Dentist Letter, 1 - Community ServiceLetter and 1 - Master’s Letter (if completed	Yes	Yes	70	$50	Yes	$31,167	NULL	NULL	19.75	NULL	19.9	19.33	NULL	NULL	3.67	3.54	NULL	40	160	Pass/Fail	Yes	No	AEGD, GPR, OMFS, Pedo	No	1	Yes	NULL	Biochemistry 3; Biology 8 w/labs; Chemistry 8 w/labs; English 6; Math 6; Microbiology 4 w/labs; Organic Chemistry 8 w/labs; Physics 8 w/labs; Statistics 3
Kansas City University College of Dental Medicine	Joplin	Joplin	Missouri	https://www.kansascity.edu/programs/college-of-dental-medicine	dentaladmissions@kansascity.edu	417-208-0755	February	1 - Pre-Health Advisor or Committee Letter,1- Dentist Letter, 1 - Individual who can attest to your academicstrengths, abilities and fit for dental school	Yes	Yes	40	$60	Yes	$97,176	$97,176	$4,570	18.5	NULL	NULL	NULL	Admissions is based on a holistic review	Admissions is based on a holistic review	NULL	NULL	NULL	80	320 by 2027	Pass/Fail	Yes	Yes	MBA, MPH, Masters of Bioethics	No	1	No	NULL	Biology: 1 semester lecture & lab, minimum 4 semester/6 quarter hours (Zoology is an acceptable alternative); Microbiology: 1 semester lecture & lab, minimum 4 semester/6 quarter hours; Chemistry: One year lecture & lab, minimum 8 semester/12 quarter hours; Organic Chemistry: One year lecture & lab, minimum 8 semester/12 quarter hours; Human Anatomy: 1 semester lecture & lab, minimum 4 semester/6 quarter hours; Biochemistry: minimum 3 semester/4 quarter hours; Additional Biology, Chemistry, and/or Physics courses: to total 12 semester hours/18 quarter hours; English: minimum 6 semester/8 quarter hours
A.T. Still University Missouri School of Dentistry & Oral Health	Missouri-Kansas City	Kirksville	Missouri	https://www.atsu.edu/missouri-school-of-dentistry-and-oral-health	admissions@atsu.edu	314-833-2790	December 	1 - Pre-Health Committee Letteror 1- Science Faculty Letter and 1 - Dentist Letter	Yes	Yes	100	$70	Yes	$83,140	$83,140	Yes	19	NULL	19	NULL	2.5	NULL	3.5	3.4	NULL	63	243	letter Grades	Yes	No	None	Yes	1	No	NULL	Anatomy 3;Biochemistry 3;Biology 8 w/lab;Chemistry 8 w/lab;English 3;Organic Chemistry 8 w/lab;Physics 8 w/lab;Physiology 3
University of Missouri-Kansas City School of Dentistry	Missouri-Kirksville	Kansas City	Missouri	dentistry.umkc.edu	umkc-dentalstupgms@umkc.edu	816-235-2080	October	1 - Faculty Letter,1 - Dentist Letter and 1 - Other Letter	Upon Request	Yes	100	$45	Yes	$40,100	$73,000	NULL	20.54	NULL	19.9	19.3	NULL	3	3.74	3.74	NULL	109	437	letter Grades	Yes	No	AEGD, Endo, Ortho, Perio	Yes	1	No	45	Anatomy 4 w/labs; Biochemistry 3; Biology 4 w/labs; Cell Biology 3; Chemistry 8 w/labs; English 6; Organic Chemistry 8 w/Labs ;Physics 8 w/labs; Physiology 4 w/labs
Creighton University School of Dentistry	Creighton	Omaha	Nebraska	https://www.creighton.edu/	denschadm@creighton.edu	402-280-2695	February	2 - Science Faculty Lettersand 1 - Non-Science Faculty Letter or1 - Pre-Health Committee Letter	Yes	Yes	65	$60	No	$69,694	$69,694	$11,875	20	NULL	21	19	3.4	3.3	3.67	3.58	11%	115	456	letter Grades	Yes	No	None	Yes	1	No	108	Biology 6; Chemistry 8; English 6; Organic Chemistry 6 ;Physics 6
University of Nebraska Medical Center College of Dentistry	Nebraska	Lincoln	Nebraska	https://www.unmc.edu/dentistry/programs/index.html	joyce.hurst@unmc.edu : Advisor name :Joyce Hurst	402-472-1363	December. For best consideration,applicants should apply prior to October 1.	3-Letters	No	Yes	50-100	$60	Yes	$40,450	$84,325	Yes	20.7	NULL	20.9	20.1	NULL	NULL	3.71	3.628	10%	52	225	letter Grades	Yes	No	AEGD, Endo, GPR, Ortho, Pedo, Perio	Yes	1	No	25-30%	Biology 8 w/labs; Chemistry 8 w/labs; English 6; Organic Chemistry 8 w/labs ;Physics 8 w/labs
University of Nevada, Las Vegas School of Dental Medicine	Las Vegas	Las Vegas	Nevada	https://www.unlv.edu/dental	unlvdentsch@unlv.edu	702-774-2520	January	1 - Pre-Health Committee Letterand 1 - Dentist Letter or 2 - Science Faculty Letters,1 - Dentist Letter and 1 - Other Letter	Yes	Yes	100	$75	Yes	$62,871	$103,939	$1,300	20.73	NULL	20.82	20.26	2.5	2.5	3.49	3.43	NULL	82	332	letter Grades	Yes	Yes	GPR, Ortho, Pedo	No	1	No	30-40%	Anatomy 3; Biochemistry 3; Biology 8; Chemistry 8 ;English 6; Organic Chemistry 8; Physics 8
Rutgers School of Dental Medicine	Rutgers	Newark	New Jersey	sdm.rutgers.edu	rsdm-admissions-info@sdm.rutgers.edu	973-972-1781	January	1 - Pre-Health Committee Letteror 2 - Science Faculty Letters and 1 - Other Letter	No	Yes	50	$95	Yes	$55,290	$89,583	NULL	21	NULL	NULL	21	NULL	NULL	3.6	3.5	NULL	90	425	letter Grades	Yes	No	AEGD, Endo, GPR, Implant, MSD,OMFP, OMFR, OMFS, Oral Biology, Oral Surgery, Orofacial Pain,Ortho, Pedo, Perio, Prosth, Public Health	Yes	1	No	NULL	Biology 8 w/labs; Chemistry 8 w/labs; English 6; Organic Chemistry 8 w/labs; Physics 8 w/labs
Columbia University College of Dental Medicine	Columbia	New York	New York	https://www.dental.columbia.edu/	dl2430@cumc.columbia.edu	212-305-3890	December	3 - Science Faculty Letters	No	Yes	More the better	$75	Yes	$87,170	$87,170	$12,893	24.5	NULL	22.5	24	NULL	NULL	3.75	3.75	10%	84	379	Pass/Fail	No	No	AEGD, Endo, GPR, Implant,OMFR, OMFS, Ortho, Pedo, Perio, Prosth	Yes	1	No	NULL	Biochemistry 3; Biology 8 w/labs; Chemistry 8 w/labs; English 6; Math 6; Organic Chemistry 8 w/labs; Physics 8 w/labs
New York University College of Dentistry	New York	New York	New York	dental.nyu.edu	dental.admissions@nyu.edu	212-998-9818	February	1 - Committee Letter or2 - Science Faculty Letters and 1 - Other Letter	Yes	Yes	100	$80	Yes	$92,248	$88,700	$14,835	21	21	21	21	2.8	2.8	3.5	3.4	NULL	380	1536	letter Grades	Yes	Yes	MBA, MPH, Public Health Certificate,Endo, OMFS, Ortho, Pedo, Perio, Prosth	No	1	No	NULL	Biology 6–8; Chemistry 6–8; English 6–8; Organic Chemistry 6–8 ;Physics 6–8
State University at Buffalo School of Dental Medicine	Buffalo	Buffalo	New York	dental.buffalo.edu	sdmadmit@buffalo.edu	716-829-6925	January	1 - Pre-Health Committee Letteror 3 - Other Letters	No	Encouraged, not required	100	$100	Yes	$36,900	$62,950	$20,000	Yes	20.76	NULL	NULL	3	3	3.72	3.65	NULL	90-95	424	letter Grades	No	Yes	AEGD, Endo, GPR, OMFS, Oral Biology,Oral Surgery, Orofacial Pain, Ortho, Pedo, Perio, Prosth	Yes	1	No	NULL	Biochemistry 3; Biology 8; Chemistry 8; English 6; Organic Chemistry 8; Physics 8
Stony Brook University School of Dental Medicine	Stony Brook	Stony Brook	New York	https://dentistry.stonybrookmedicine.edu/	sdm_admissions@stonybrookmedicine.edu	631-632-3033	December	Pre-Health Committee Letteror 3 - Senior science faculty letters	No	Yes	50	$100	Yes	$36,900	$63,850	$20,000	21.85	20	20.89	22.2	NULL	3	3.8	3.75	10%	46	175	letter Grades	No	Yes	Anesthesiology, Endo, Geriatric,GPR, OMFR, Ortho, Pedo, Perio, Prosth	Yes	1	No	20%	Biochemistry 3; Biology 8 w/labs; Calc I & II or Calc I & Statistics 6; Chemistry 8 w/labs; English 6; Organic Chemistry 8 w/labs ;Physics 8 w/labs
Touro College of Dental Medicine	Touro	Hawthorne	New York	dental.touro.edu	admissions.DDS@touro.edu	914-594-2638	February	1 - Pre-Health Committee Letteror 2 - Science Faculty Letters and 1 - Non-ScienceFaculty Letter	Yes	No	NULL	$100	Yes	$73,240	$73,240	$16,544	21	21	20	21	3,20	3.2	3.6	3.48	20%	214	NULL	letter Grades	No	No	None	Yes	1.7	No	NULL	Biochemistry 4; Biology 8; Chemistry 8; English 8; Organic Chemistry 8; Physics 8
East Carolina University School of Dental Medicine	East Carolina	Greenville	North Carolina	https://dental.ecu.edu/	sodmadmissions@ecu.edu	252-737-7043	December	1 - Pre-Health Committee Letteror 1 - Biology Letter, 1 - Chemistry Letter and1 - North Carolina Practicing Dentist Letter	Yes	Encouraged, not required	Encouraged, not required	$80	Yes	$36,737	$6,668	NULL	20.46	NULL	NULL	19.88	NULL	NULL	3.5	3.5	NULL	52	NULL	Pass/Fail	Yes	No	AEGD, GPR, Pedo	No	1	Yes	NULL	Biology 8 w/labs; Chemistry 8 w/labs; English 6; Math 6; Organic Chemistry 8 w/labs; Physics 8 w/labs
High Point University School of Dental Medicine	High Point	High Point	North Carolina	https://www.highpoint.edu/dental-medicine/	registrarsoffice@highpoint.edu	800-345-6993	NULL	3 – Survey Responses;1 response each from any 3 of the followingcategories: healthcare professional, coachand/or mentor, educator, supervisor, or peer	No	No	NULL	$0	Yes	$85,750	$85,750	NULL	NULL	Optinal	NULL	NULL	NULL	NULL	NULL	NULL	NULL	60	NULL	NULL	No	Yes	MBA, MHSA, M.S., MSEd	No	NULL	No	NULL	NULL
University of North Carolina at Chapel Hill School of Dentistry	North Carolina	Chapel Hill	North Carolina	https://dentistry.unc.edu/education/dds/	ddsadmissions@unc.edu	919-537-3348	October	1 - Pre-Health Committee Letteror 1 - Science Faculty Letter, 1 - Major Faculty Letterand 1 - Dentist Letter	Yes	Yes	more than 50	$84	Yes	$78,500	$119,650	NULL	22	NULL	22	22	3	3	3.65	3.58	NULL	82	344	Pass/Fail	No	No	AEGD, Endo, GPR, OMFS,Operative Dentistry, Oral Biology, Oral Surgery,Orofacial Pain, Ortho, Pedo, Perio, Prosth	No	2	No	25	Anatomy 4 ;Biochemistry 3; Biology 4; Chemistry 8; English 6; Organic Chemistry 6; Physics 6; Physiology 4
Case Western Reserve University School of Dental Medicine	Case Western	Cleveland	Ohio	https://case.edu/programs/dental-medicine-dmd	dentadmit@case.edu	216-368-2460	January	1 - Pre-Health Committee Letteror 2 - Science Faculty Letters	No	Yes	80-100	$60	Yes	$83,666	$83,666	$17,188	20	NULL	20.3	20.1	NULL	NULL	3.6	3.51	NULL	80	309	Letter Grades	Yes	Yes	AEGD, Endo, MSD, OMFS,Oral Medicine, Ortho, Pedo, Perio, Public Health,Other (Craniofacial Fellowship)	No	1	No	NULL	Biology 8 w/labs; Chemistry 8 w/labs; English 6;Organic Chemistry 8 w/labs; Physics 8 w/labs
The Ohio State University College of Dentistry	Ohio State	Columbus	Ohio	dentistry.osu.edu	Trotman.13@osu.edu	614-292-3361	October	1 - Science Faculty Letterand 1 - Other Letter	Yes	Yes	40	$60	Yes	$49,958	$99,121	$5,820	21	21.1	20.9	20.6	3	3	3.71	3.64	10%	120	480	Pass/Fail & Grades	Yes	No	Anesthesiology, Dental Materials, Endo,GPR, MSD, OMFP, OMFS, Ortho, Pedo, Perio, Prosth	Yes	1.7	No	16	Anatomy 3; Biochemistry 3; Biology 6; Chemistry 6; English 6; Microbiology 3; Organic Chemistry 6; Physics 3; Physiology 3
University of Oklahoma College of Dentistry	Oklahoma	Oklahoma City	Oklahoma	dentistry.ouhsc.edu	John-Slish@ouhsc.edu or Heidi-Martin@ouhsc.edu	405-271-5444	September	1 - Pre-Health Committee Letteror 2 - Science Faculty Letters and 1 - Dentist Letter	Yes	Yes	100	$121	Yes	$44,678	$85,704	$1,900	19.57	19.57	19.77	18.93	2.5	3.2	NULL	3.56	8%	54	252	Letter Grades	Yes	No	AEGD, OMFS, Ortho, Perio	Yes	2	No	8	Biochemistry 3; Biology 16 w/labs; Chemistry 8 w/labs; English 6; Organic Chemistry 8 w/labs; Physics 8 w/labs ;Psychology 3
Oregon Health & Science University School of Dentistry	Oregon	Portland	Oregon	https://www.ohsu.edu/school-of-dentistry	sodadmit@ohsu.edu	503-494-5274	January	2 - Science Faculty Letters and1 - Dentist Letter or 1 - Pre-Health Committee Letterand 1 - Dentist Letter	Upon Request	Yes	50	$75	Yes	$47,984	$77,444	$18,512	20.8	NULL	21.22	20.32	3	3	3.71	3.66	19.90%	75	288	Pass/Fail & Grades	Yes	No	Endo, GPR, OMFS, Ortho, Pedo, Perio	No	1	No	25	Anatomy 4 w/labs; Biochemistry 4; Biology 8 w/labs; Chemistry 8 w/labs; English 8; Organic Chemistry 8 w/labs; Physics 8 w/labs; Physiology 4 w/labs
Temple University Kornberg School of Dentistry	Temple	Philadelphia	Pennsylvania	https://www.temple.edu/academics/degree-programs/dentistry-dmd-dn-dent-dmd	 kornbergadmissions@temple.edu	215-707-2801	January	2 - Science Faculty Letters	Yes	Yes	60	$75	Yes	$65,511	$75,061	yes	21.3	20.1	20.3	21	3	3	3.57	3.52	14%	140	585	Letter Grades	Yes	No	AEGD, Endo, OMFS, Oral Biology,Ortho, Perio, Prosth	No	1.15	No	NULL	Biology 8; Chemistry 8; English 6; Organic Chemistry 8; Physics 8
University of Pennsylvania School of Dental Medicine	Pennsylvania	Philadelphia	Pennsylvania	https://www.dental.upenn.edu/admissions-academics/dmd-program/	dental-admissions@dental.upenn.edu	215-898-8943	December	1 - Pre-Health Committee Letteror 2 - Faculty Letters	Yes	Yes	More the better	$60	Yes	$86,448	$86,448	$19,616	23	23	21.1	22.6	NULL	NULL	3.83	3.79	NULL	151	679	Letter Grades	No	Yes	AEGD, Endo, OMFS, Oral Medicine,Ortho, Pedo, Perio, Perio-Ortho, Perio-Pros, Prosth	Yes	NULL	No	NULL	Biochemistry 8; Biology 8; Chemistry 8; English 8; Math 4; Organic Chemistry 4; Physics 8
University of Pittsburgh School of Dental Medicine	Pittsburgh	Pittsburgh	Pennsylvania	dental.pitt.edu	websute contact : https://www.dental.pitt.edu/education/doctor-dental-medicine/dmd-admissions-process	412-648-2349	October	1 - Pre-Health Committee Letterand 1 - Additional Letter or 3 - Individual Letters(2 From Science Faculty)	No	Encouraged, not required	50	$75	Yes	$52,918	$63,452	NULL	21	NULL	NULL	NULL	3.2	3.2	3.72	3.65	NULL	80	329	Letter Grades	Yes	Yes	Academic Career Track, MPH, Ph.D.,Public Health Certificate,Anesthesiology, Endo, GPR, OMFP,OMFS, Oral Surgery, Ortho, Pedo, Perio, Prosth	Yes	NULL	No	NULL	Biochemistry 3; Biology 8 w/labs; Chemistry 8 w/labs; English 6; Organic Chemistry 8 w/labs; Physics 6
University of Puerto Rico School of Dental Medicine	Puerto Rico	San Juan	Puerto Rico	dental.rcm.upr.edu	emd.rcm@upr.edu	787-758-2525 ext. 1105	December	2 Letters	Yes	Encouraged, not required	More the Better	$20	No	$17,000	$63,600	$17,259	20	NULL	19	18	2.5	2.5	3.58	3.59	37%	40	208	Letter Grades	Yes	No	Endodontics and AEGD in CollaborationAgreement with NYU Langone, GPR, OMFS, Ortho, Pedo, Prosth	No	1	No	2	Biology 8; Chemistry 8; English 12; Organic Chemistry 8; Physics 8; Social Sciences 6; Spanish 12
Medical University of South Carolina James B. Edwards College of Dental Medicine	South Carolina	Charleston	South Carolina	education.musc.edu/colleges/dental	oesadmis@musc.edu	843-792-2344	December	1 Pre-health committee letteror 3 individual letters from faculty members,dentists, advisors, etc.	Yes	Encouraged, not required	More the Better	$95	Yes	$47,415	$83,290	$21,295	20	NULL	21	NULL	NULL	NULL	3.6	3.5	6%	78	306	Pass / Fail & Grades	Yes	No	AEGD, Digital Dentistry,Endo, MSD, Oral Surgery, Ortho, Pedo, Perio	No	1	No	20	Biology 8; Chemistry 8; English 6; Math 6; Organic Chemistry 8; Other 8; Physics 8
Meharry Medical College School of Dentistry	Meharry	Nashville	Tennessee	https://home.mmc.edu/school-of-dentistry/	admissions@mmc.edu	615-327-6207	December	2- Science Faculty Lettersand 1 - Other Letter	Yes	Encouraged, not required	More the Better	$65	Yes	$53,979	$53,979	$10,641	19	19	18	19	NULL	NULL	3.35	3.17	3%	75	275	Pass/ Fail & Grading	Yes	No	Health Policy Certificate, MPH, Ph.D.,GPR, Oral Surgery, Pedo	Yes	2	No	NULL	Biochemistry 6; Biology 8 w/labs; Chemistry 8 w/labs; English 6; Organic Chemistry 8 w/labs; Physics 8 w/labs
Lincoln Memorial University College of Dental Medicine	Lincoln Memorial	Harrogate	Tennessee	https://www.lmunet.edu/college-of-dental-medicine/	CollegeofDentalMedicine@LMUnet.edu	865-370-2101	January	3 – Signed Letters from facultyor dental professional	Yes	Yes	50	$50	Yes	$74,500	$74,500	Yes	18.8	NULL	18.4	18.6	NULL	NULL	3.4	3.26	21%	80	NULL	Pass/Fail & Grades	Yes	No	No	No	1	No	80	Biology 8; Chemistry 8; English 8; Organic Chemistry 8; Physics 8
University of Tennessee Health Science Center College of Dentistry	Tennessee	Memphis	Tennessee	https://www.uthsc.edu/dentistry/	director of admissins:dmyers19@uthsc.edu	901-448-6202	September	3 - Faculty Letters and 1 - OtherLetter or 1 Committee Letter and 1 - Other Letter	No	Yes	50	$75	Yes	$30,388	$69,148	$4,500	20	20	20	20	2.75	3	3.6	3.58	9%	110	430	Letter Grades	Yes	No	Endo, OMFS, Ortho, Pedo, Perio, Prosth	No	2	No	15	Biochemistry 3; Biology 8 w/labs; Chemistry 8 w/labs; English 6; Organic Chemistry 8 w/labs; Physics 8 w/labs
Texas A&M University College of Dentistry	Texas A&M	Dallas	Texas	dentistry.tamhsc.edu	admissions-dentistry@tamu.edu 	214-828-8231	October	1 - HPE or 2 - Science FacultyLetters and 1 - Dentist Letter	Yes	Yes	100	$50	Yes	$37,000	$48,000	NULL	22	NULL	22	NULL	NULL	NULL	3.7	3.61	6%	106	417	Letter Grades	Yes	No	AEGD, Dental Education, Endo,OMFP, OMFR, OMFS, Oral Biology, Oral Surgery, Ortho,Pedo, Perio, Prosth, Public Health	No	1-2	No	10	Anatomy 4 w/labs; Biochemistry 3; Biology 18; Chemistry 8; English 6; Microbiology 3; Organic Chemistry 8; Physics 8; Physiology 3; Statistics 3
The University of Texas School of Dentistry at Houston	Texas-Houston	Houston	Texas	dentistry.uth.edu	utsd@uth.tmc.edu	713-486-4151	October	1 - Dentist Letter and 2 - OtherLetters, preferably a health profession committee letter	No	Yes	50	$264	Yes	$34,527	$54,534	$8,670	22	22	21	21	2	2	3.83	3.79	30%	105	477	Letter Grades	Yes	No	MPH, M.S., Ph.D.,AEGD, Dental Informatics, Endo, GPR, OMFP,OMFS, Oral Surgery, Ortho, Pedo, Perio, Prosth, Public Health	Yes	1	No	10	Biochemistry 3; Biology 14; Chemistry 8; English 6; Microbiology 3; Organic Chemistry 8; Physics 8; Statistics 3
UT Health San Antonio School of Dentistry	Texas-San Antonio	San Antonio	Texas	https://uthscsa.edu/dental/	Associate Dean for Administration: name : Lydia J. Leos, BBA  email:LeosL@uthscsa.edu	210-567-3180	November	1 - Pre-Health Committee Letteror 3 - Faculty Letters	NULL	Yes	More the better	$0	Yes	$24,150	$34,950	$19,085	21.3	21.3	20.3	21.2	2.8	2.8	3.75	3.69	10%	100	423	Letter Grades	Yes	Yes	AEGD, Endo, OMFR, OMFS, Ortho,Pedo, Perio, Prosth, Public Health	No	1	No	10	Biochemistry 3; Biology 14; Chemistry 8; English 6; Organic Chemistry 8; Physics 8; Statistics 3
Texas Tech University Health Sciences Center El Paso Hunt School of Dental Medicine	Texas Tech	El Paso	Texas	https://ttuhscep.edu/sdm/	HuntSDM.admissions@ttuhsc.edu	915-215-4207	October	2 - Science Faculty Lettersor 1- Committee Letter	No	Yes	75-100	$215	Yes	$29,550	$49,550	$9,621	20.21	NULL	NULL	NULL	3	NULL	3.7	3.6	6%	60	NULL	Pass/Fail	No	No	MPH, Community Health Certificate	No	1-2	No	6	Biochemistry 3; Biology 14; Chemistry 8; English 6; Microbiology 3 (may count toward fulfilling the biological sciences requirement); Organic Chemistry 8; Physics 8; Statistics 3
University of Utah School of Dentistry	Utah	Salt Lake City	Utah	dentistry.utah.edu	dentalfrontdesk@hsc.utah.edu	801-581-8951	October	2 - Science Faculty Letters and1 - Supervisor Letter and 1 - Optional Supervisor Letter	No	Yes	80	$100	Yes	$42,402	$80,237	$8,742	22	NULL	21	21	3	3	3.79	3.73	10%	50	200	Letter Grades	No	No	No	Yes	1	No	22	Anatomy 3; Biochemistry 3; Biology 6; Chemistry 8; English 6; Microbiology 4; Organic Chemistry 6; Physics 6; Physiology 3
Roseman University of Health Sciences College of Dental Medicine	Roseman	South Jordan	Utah	https://www.roseman.edu/academic-programs/college-of-dental-medicine/	dmdadmissions@roseman.edu	801-878-1405	October	1 - Pre-Health Committee letteror 2 - Science Faculty Letters and 1 - Other Facultyor Dentist Letter	Yes	Yes	50	$75	Yes	$81,844	$81,844	$15,932	20	NULL	20	19	NULL	3	3.52	3.18	NULL	100	400	Pass/Fail	No	No	AEGD, Ortho	No	1	No	NULL	Biochemistry 3; Biology 18 w/labs; Chemistry 6 w/labs; English 6; Organic Chemistry 6 w/labs; Physics 6 w/labs
Virginia Commonwealth University School of Dentistry	Virginia	Richmond	Virginia	dentistry.vcu.edu	Admissions team website, multiple people : https://dentistry.vcu.edu/programs/doctor-of-dental-surgery/admissions-team/	804-828-9196	January	2 - Science Faculty Lettersand 1 - Dentist Letter	Upon Request	Yes	100	$85	Yes	$56,924	$90,593	$6,574	22	21	21	21	2.5	2.5	3.72	3.66	5-7%	95	400	Letter Grades	Yes	No	AEGD, Endo, OMFS, Ortho, Pedo, Perio	No	1	No	35	Biochemistry 3; Biology 8 w/labs; Chemistry 8 w/labs; English 3; Math 3; Organic Chemistry 8 w/labs; Physics 8 w/labs
University of Washington School of Dentistry	Washington	Seattle	Washington	dental.washington.edu	askuwsod@uw.edu	206-685-9484	November	1 - Science Faculty Letter,1 - Dentist Letter and 1 - Character Letter	No	Yes	50	$0	Yes	$64,019	$98,115	$8,407	21	21	21	21	3	3	3.5	3.5	NULL	63	252	Pass / Fail & Grades	Yes	No	Endo, GPR, MSD, OMFS, Oral Medicine,Ortho, Pedo, Perio, Prosth, Radiology	No	2.75	No	NULL	Biochemistry 2 qrts or 1 sem; Biology 3 qtrs or 2 sem; Chemistry 2 qrts or 1 sem; Microbiology 2 qrts or 1 sem; Organic Chemistry 2 qrts or 1 sem ;Physics 3 qtrs or 2 sem
West Virginia University School of Dentistry	West Virginia	Morgantown	West Virginia	dentistry.hsc.wvu.edu	dentaladmissions@hsc.wvu.edu	304-293-2521	November	Pre-Health Committee Letter(if available) or science majors, one letter from each ofthe required sciences: biology, chemistry and physics.Non-science majors, two letters from major and one fromthe required sciences: biology, chemistry and physics	Upon Request	Yes	100	$60	Yes	$40,014	$88,884	NULL	20	NULL	20	19	NULL	NULL	3.75	3.68	5%	48	187	Letter Grades	Yes	No	Endo, GPR, OMFS, Ortho, Perio, Prosth	Yes	1.3	No	18	Anatomy 3; Biochemistry 3; Biology 8 w/labs; Chemistry 8 w/labs; English 6; Organic Chemistry 8 w/labs; Physics 8 w/labs
Marquette University School of Dentistry	Marquette	Milwaukee	Wisconsin	https://www.marquette.edu/dentistry/	dentaladmit@marquette.edu	414-288-3532	January	2 - Science Faculty Lettersand 1 - Other Letter	No	Encouraged, not required	More the better	$45	Yes	$58,440	$67,100	$11,800	21	21	20	21	NULL	NULL	3.7	3.61	7-8%	100	405	Letter Grades	Yes	Yes	Endo, Ortho, Perio, Prosth	No	1	No	50	Biochemistry 3; Biology 8 w/labs; Chemistry 8 w/labs; English 6; Organic Chemistry 8 w/labs; Physics 8 w/labs